[{"model": "inventario.producto", "pk": 1, "fields": {"created": "2018-07-11T20:02:08.277Z", "modified": "2018-07-11T20:02:08.295Z", "condicion": true, "nombre": "Desinfectante Lavanda", "unidad": "Litros"}}, {"model": "inventario.producto", "pk": 2, "fields": {"created": "2018-07-11T20:18:09.890Z", "modified": "2018-07-11T20:18:09.893Z", "condicion": true, "nombre": "Desinfectante Fresa", "unidad": "Litros"}}, {"model": "inventario.producto", "pk": 3, "fields": {"created": "2018-07-11T20:30:18.210Z", "modified": "2018-07-11T20:30:18.222Z", "condicion": true, "nombre": "Desinfectante cherry", "unidad": "Litros"}}, {"model": "inventario.producto", "pk": 4, "fields": {"created": "2018-07-11T20:53:09.693Z", "modified": "2018-07-11T20:53:09.711Z", "condicion": true, "nombre": "Desinfectante Citronela", "unidad": "Litros"}}, {"model": "inventario.producto", "pk": 5, "fields": {"created": "2018-07-11T20:56:35.703Z", "modified": "2018-07-11T20:56:35.721Z", "condicion": true, "nombre": "Desinfectante Cereza", "unidad": "Litros"}}, {"model": "inventario.producto", "pk": 6, "fields": {"created": "2018-07-11T21:09:22.724Z", "modified": "2018-07-11T21:09:22.741Z", "condicion": true, "nombre": "Desinfectante Pinezol", "unidad": "Litros"}}, {"model": "inventario.producto", "pk": 7, "fields": {"created": "2018-07-11T21:13:26.245Z", "modified": "2018-07-11T21:13:26.251Z", "condicion": true, "nombre": "Lavaplato Tipo B", "unidad": "Litros"}}, {"model": "inventario.producto", "pk": 8, "fields": {"created": "2018-07-11T21:17:23.885Z", "modified": "2018-07-11T22:13:32.029Z", "condicion": true, "nombre": "Cera Blanca", "unidad": "Litros"}}, {"model": "inventario.producto", "pk": 9, "fields": {"created": "2018-07-11T21:41:17.518Z", "modified": "2018-07-11T21:41:17.541Z", "condicion": true, "nombre": "Jabon Tipo A", "unidad": "Litros"}}, {"model": "inventario.producto", "pk": 10, "fields": {"created": "2018-07-11T21:45:02.416Z", "modified": "2018-07-11T21:45:02.423Z", "condicion": true, "nombre": "Cloro Jabonoso", "unidad": "Litros"}}, {"model": "inventario.producto", "pk": 11, "fields": {"created": "2018-07-11T22:04:11.325Z", "modified": "2018-07-11T22:04:11.882Z", "condicion": true, "nombre": "Kerosene", "unidad": "Litros"}}, {"model": "inventario.producto", "pk": 12, "fields": {"created": "2018-07-11T22:31:08.204Z", "modified": "2018-07-11T22:31:08.210Z", "condicion": true, "nombre": "Cera Roja", "unidad": "Litros"}}, {"model": "inventario.producto", "pk": 13, "fields": {"created": "2018-07-11T22:32:17.293Z", "modified": "2018-07-11T22:32:17.315Z", "condicion": true, "nombre": "Cera Verde", "unidad": "Litros"}}, {"model": "inventario.producto", "pk": 14, "fields": {"created": "2018-07-11T22:34:49.496Z", "modified": "2018-07-11T22:34:49.501Z", "condicion": true, "nombre": "Desengrasante", "unidad": "Litros"}}, {"model": "inventario.producto", "pk": 15, "fields": {"created": "2018-07-11T22:36:44.105Z", "modified": "2018-07-11T22:36:44.111Z", "condicion": true, "nombre": "Cloro Neutro", "unidad": "Litros"}}, {"model": "inventario.producto", "pk": 16, "fields": {"created": "2018-07-11T22:36:44.105Z", "modified": "2018-07-11T22:36:44.111Z", "condicion": true, "nombre": "Jabon Tipo B", "unidad": "Litros"}}, {"model": "inventario.producto", "pk": 17, "fields": {"created": "2018-07-11T22:36:44.105Z", "modified": "2018-07-11T22:36:44.111Z", "condicion": true, "nombre": "Lavaplato Tipo A", "unidad": "Litros"}}, {"model": "inventario.producto", "pk": 18, "fields": {"created": "2018-07-11T22:36:44.105Z", "modified": "2018-07-11T22:36:44.111Z", "condicion": true, "nombre": "Shampoo", "unidad": "Litros"}}, {"model": "inventario.producto", "pk": 19, "fields": {"created": "2018-07-11T22:36:44.105Z", "modified": "2018-07-11T22:36:44.111Z", "condicion": true, "nombre": "Limpia Ceramica", "unidad": "Litros"}}, {"model": "inventario.producto", "pk": 20, "fields": {"created": "2018-07-11T22:36:44.105Z", "modified": "2018-07-11T22:36:44.111Z", "condicion": true, "nombre": "Limpia Poceta", "unidad": "Litros"}}, {"model": "inventario.producto", "pk": 21, "fields": {"created": "2018-07-20T23:39:20.766Z", "modified": "2018-07-20T23:39:20.875Z", "condicion": true, "nombre": "Shampoo Peque\u00f1o", "unidad": "Envase"}}, {"model": "inventario.producto", "pk": 22, "fields": {"created": "2018-07-21T17:29:19.282Z", "modified": "2018-07-21T17:29:19.360Z", "condicion": true, "nombre": "ace", "unidad": "kg"}}, {"model": "inventario.costo", "pk": 1, "fields": {"created": "2018-07-26T19:31:13.019Z", "modified": "2018-07-26T19:31:13.019Z", "condicion": true, "monto": "1.00"}}, {"model": "inventario.costo", "pk": 2, "fields": {"created": "2018-07-26T19:33:43.033Z", "modified": "2018-07-26T19:33:43.033Z", "condicion": true, "monto": "0.00"}}, {"model": "inventario.costo", "pk": 3, "fields": {"created": "2018-07-26T20:00:53.465Z", "modified": "2018-07-26T20:00:53.465Z", "condicion": true, "monto": "3500.00"}}, {"model": "inventario.costo", "pk": 4, "fields": {"created": "2018-07-26T20:01:08.376Z", "modified": "2018-07-26T20:01:08.376Z", "condicion": true, "monto": "2200.00"}}, {"model": "inventario.costo", "pk": 5, "fields": {"created": "2018-07-26T20:02:09.531Z", "modified": "2018-07-26T20:02:09.531Z", "condicion": true, "monto": "1200.00"}}, {"model": "inventario.costo", "pk": 6, "fields": {"created": "2018-07-26T20:02:56.884Z", "modified": "2018-07-26T20:02:56.884Z", "condicion": true, "monto": "950.00"}}, {"model": "inventario.costo", "pk": 7, "fields": {"created": "2018-07-26T20:03:27.843Z", "modified": "2018-07-26T20:03:27.843Z", "condicion": true, "monto": "1300.00"}}, {"model": "inventario.costo", "pk": 8, "fields": {"created": "2018-07-26T20:10:04.014Z", "modified": "2018-07-26T20:10:04.014Z", "condicion": true, "monto": "2500.00"}}, {"model": "inventario.costo", "pk": 9, "fields": {"created": "2018-07-26T20:46:25.158Z", "modified": "2018-07-26T20:46:25.158Z", "condicion": true, "monto": "500.00"}}, {"model": "inventario.costo", "pk": 10, "fields": {"created": "2018-07-26T20:47:00.526Z", "modified": "2018-07-26T20:47:00.526Z", "condicion": true, "monto": "100.00"}}, {"model": "inventario.costo", "pk": 11, "fields": {"created": "2018-07-26T20:47:38.462Z", "modified": "2018-07-26T20:47:38.462Z", "condicion": true, "monto": "700.00"}}, {"model": "inventario.costo", "pk": 12, "fields": {"created": "2018-07-26T20:48:27.323Z", "modified": "2018-07-26T20:48:27.323Z", "condicion": true, "monto": "400.00"}}, {"model": "inventario.costo", "pk": 13, "fields": {"created": "2018-07-26T20:49:54.027Z", "modified": "2018-07-26T20:49:54.028Z", "condicion": true, "monto": "2800.00"}}, {"model": "inventario.costo", "pk": 14, "fields": {"created": "2018-07-26T20:51:37.934Z", "modified": "2018-07-26T20:51:37.934Z", "condicion": true, "monto": "7000.00"}}, {"model": "inventario.costo", "pk": 15, "fields": {"created": "2018-07-26T20:54:39.405Z", "modified": "2018-07-26T20:54:39.405Z", "condicion": true, "monto": "10000.00"}}, {"model": "inventario.costo", "pk": 16, "fields": {"created": "2018-07-26T20:55:42.137Z", "modified": "2018-07-26T20:55:42.137Z", "condicion": true, "monto": "300.00"}}, {"model": "inventario.costo", "pk": 17, "fields": {"created": "2018-07-26T20:57:19.484Z", "modified": "2018-07-26T20:57:19.484Z", "condicion": true, "monto": "10500.00"}}, {"model": "inventario.stock", "pk": 1, "fields": {"created": "2018-07-26T20:10:04.026Z", "modified": "2018-07-26T20:53:33.943Z", "condicion": true, "user": 2, "producto": 9, "cantidad_recibida": "105.00", "cantidad_actual": "0.00", "monto": 8, "fecha_registro": "2018-07-26"}}, {"model": "inventario.stock", "pk": 2, "fields": {"created": "2018-07-26T20:46:25.171Z", "modified": "2018-07-26T20:53:33.972Z", "condicion": true, "user": 2, "producto": 12, "cantidad_recibida": "3.00", "cantidad_actual": "0.00", "monto": 9, "fecha_registro": "2018-07-26"}}, {"model": "inventario.stock", "pk": 3, "fields": {"created": "2018-07-26T20:46:44.004Z", "modified": "2018-07-26T20:53:33.986Z", "condicion": true, "user": 2, "producto": 13, "cantidad_recibida": "7.00", "cantidad_actual": "0.00", "monto": 9, "fecha_registro": "2018-07-26"}}, {"model": "inventario.stock", "pk": 4, "fields": {"created": "2018-07-26T20:47:00.535Z", "modified": "2018-07-26T20:53:33.959Z", "condicion": true, "user": 2, "producto": 11, "cantidad_recibida": "27.00", "cantidad_actual": "0.00", "monto": 10, "fecha_registro": "2018-07-26"}}, {"model": "inventario.stock", "pk": 5, "fields": {"created": "2018-07-26T20:47:21.616Z", "modified": "2018-07-26T20:53:33.914Z", "condicion": true, "user": 2, "producto": 3, "cantidad_recibida": "59.00", "cantidad_actual": "0.00", "monto": 9, "fecha_registro": "2018-07-26"}}, {"model": "inventario.stock", "pk": 6, "fields": {"created": "2018-07-26T20:47:38.476Z", "modified": "2018-07-26T20:53:34.001Z", "condicion": true, "user": 2, "producto": 14, "cantidad_recibida": "1.00", "cantidad_actual": "0.00", "monto": 11, "fecha_registro": "2018-07-26"}}, {"model": "inventario.stock", "pk": 7, "fields": {"created": "2018-07-26T20:48:27.334Z", "modified": "2018-07-26T20:53:34.016Z", "condicion": true, "user": 2, "producto": 15, "cantidad_recibida": "45.00", "cantidad_actual": "0.00", "monto": 12, "fecha_registro": "2018-07-26"}}, {"model": "inventario.stock", "pk": 8, "fields": {"created": "2018-07-26T20:48:45.994Z", "modified": "2018-07-26T20:53:33.883Z", "condicion": true, "user": 2, "producto": 1, "cantidad_recibida": "45.00", "cantidad_actual": "0.00", "monto": 9, "fecha_registro": "2018-07-26"}}, {"model": "inventario.stock", "pk": 9, "fields": {"created": "2018-07-26T20:49:01.210Z", "modified": "2018-07-26T20:53:33.929Z", "condicion": true, "user": 2, "producto": 4, "cantidad_recibida": "2.00", "cantidad_actual": "0.00", "monto": 9, "fecha_registro": "2018-07-26"}}, {"model": "inventario.stock", "pk": 10, "fields": {"created": "2018-07-26T20:49:36.797Z", "modified": "2018-07-26T20:53:34.030Z", "condicion": true, "user": 2, "producto": 16, "cantidad_recibida": "20.00", "cantidad_actual": "0.00", "monto": 5, "fecha_registro": "2018-07-26"}}, {"model": "inventario.stock", "pk": 12, "fields": {"created": "2018-07-26T20:50:26.379Z", "modified": "2018-07-26T20:53:34.071Z", "condicion": true, "user": 2, "producto": 21, "cantidad_recibida": "20.00", "cantidad_actual": "0.00", "monto": 5, "fecha_registro": "2018-07-26"}}, {"model": "inventario.stock", "pk": 13, "fields": {"created": "2018-07-26T20:50:52.869Z", "modified": "2018-07-26T20:53:34.044Z", "condicion": true, "user": 2, "producto": 19, "cantidad_recibida": "21.00", "cantidad_actual": "0.00", "monto": 12, "fecha_registro": "2018-07-26"}}, {"model": "inventario.stock", "pk": 14, "fields": {"created": "2018-07-26T20:51:07.617Z", "modified": "2018-07-26T20:53:34.058Z", "condicion": true, "user": 2, "producto": 20, "cantidad_recibida": "21.00", "cantidad_actual": "0.00", "monto": 12, "fecha_registro": "2018-07-26"}}, {"model": "inventario.stock", "pk": 15, "fields": {"created": "2018-07-26T20:51:37.942Z", "modified": "2018-07-26T20:51:37.942Z", "condicion": true, "user": 2, "producto": 22, "cantidad_recibida": "6.00", "cantidad_actual": "6.00", "monto": 14, "fecha_registro": "2018-07-26"}}, {"model": "inventario.asignacionstock", "pk": 1, "fields": {"created": "2018-07-26T20:53:33.895Z", "modified": "2018-07-26T21:03:03.448Z", "condicion": true, "user": 2, "stock": 8, "encargado": 1, "cantidad_recibida": "45.00", "cantidad_actual": "45.00", "aceptado": true, "fecha_aceptado": "2018-07-26T21:03:03.448Z"}}, {"model": "inventario.asignacionstock", "pk": 2, "fields": {"created": "2018-07-26T20:53:33.916Z", "modified": "2018-07-26T21:03:07.062Z", "condicion": true, "user": 2, "stock": 5, "encargado": 1, "cantidad_recibida": "59.00", "cantidad_actual": "59.00", "aceptado": true, "fecha_aceptado": "2018-07-26T21:03:07.061Z"}}, {"model": "inventario.asignacionstock", "pk": 3, "fields": {"created": "2018-07-26T20:53:33.931Z", "modified": "2018-07-26T21:03:05.372Z", "condicion": true, "user": 2, "stock": 9, "encargado": 1, "cantidad_recibida": "2.00", "cantidad_actual": "2.00", "aceptado": true, "fecha_aceptado": "2018-07-26T21:03:05.372Z"}}, {"model": "inventario.asignacionstock", "pk": 4, "fields": {"created": "2018-07-26T20:53:33.945Z", "modified": "2018-07-26T21:03:01.388Z", "condicion": true, "user": 2, "stock": 1, "encargado": 1, "cantidad_recibida": "105.00", "cantidad_actual": "105.00", "aceptado": true, "fecha_aceptado": "2018-07-26T21:03:01.387Z"}}, {"model": "inventario.asignacionstock", "pk": 5, "fields": {"created": "2018-07-26T20:53:33.961Z", "modified": "2018-07-26T21:02:57.836Z", "condicion": true, "user": 2, "stock": 4, "encargado": 1, "cantidad_recibida": "27.00", "cantidad_actual": "27.00", "aceptado": true, "fecha_aceptado": "2018-07-26T21:02:57.836Z"}}, {"model": "inventario.asignacionstock", "pk": 6, "fields": {"created": "2018-07-26T20:53:33.975Z", "modified": "2018-07-26T20:53:33.975Z", "condicion": true, "user": 2, "stock": 2, "encargado": 1, "cantidad_recibida": "3.00", "cantidad_actual": "3.00", "aceptado": false, "fecha_aceptado": null}}, {"model": "inventario.asignacionstock", "pk": 7, "fields": {"created": "2018-07-26T20:53:33.988Z", "modified": "2018-07-26T20:53:33.988Z", "condicion": true, "user": 2, "stock": 3, "encargado": 1, "cantidad_recibida": "7.00", "cantidad_actual": "7.00", "aceptado": false, "fecha_aceptado": null}}, {"model": "inventario.asignacionstock", "pk": 8, "fields": {"created": "2018-07-26T20:53:34.003Z", "modified": "2018-07-26T21:03:09.005Z", "condicion": true, "user": 2, "stock": 6, "encargado": 1, "cantidad_recibida": "1.00", "cantidad_actual": "1.00", "aceptado": true, "fecha_aceptado": "2018-07-26T21:03:09.005Z"}}, {"model": "inventario.asignacionstock", "pk": 9, "fields": {"created": "2018-07-26T20:53:34.018Z", "modified": "2018-07-26T20:53:34.018Z", "condicion": true, "user": 2, "stock": 7, "encargado": 1, "cantidad_recibida": "45.00", "cantidad_actual": "45.00", "aceptado": false, "fecha_aceptado": null}}, {"model": "inventario.asignacionstock", "pk": 10, "fields": {"created": "2018-07-26T20:53:34.032Z", "modified": "2018-07-26T21:02:59.839Z", "condicion": true, "user": 2, "stock": 10, "encargado": 1, "cantidad_recibida": "20.00", "cantidad_actual": "20.00", "aceptado": true, "fecha_aceptado": "2018-07-26T21:02:59.839Z"}}, {"model": "inventario.asignacionstock", "pk": 11, "fields": {"created": "2018-07-26T20:53:34.046Z", "modified": "2018-07-26T21:02:55.898Z", "condicion": true, "user": 2, "stock": 13, "encargado": 1, "cantidad_recibida": "21.00", "cantidad_actual": "21.00", "aceptado": true, "fecha_aceptado": "2018-07-26T21:02:55.897Z"}}, {"model": "inventario.asignacionstock", "pk": 12, "fields": {"created": "2018-07-26T20:53:34.060Z", "modified": "2018-07-26T21:02:53.933Z", "condicion": true, "user": 2, "stock": 14, "encargado": 1, "cantidad_recibida": "21.00", "cantidad_actual": "21.00", "aceptado": true, "fecha_aceptado": "2018-07-26T21:02:53.933Z"}}, {"model": "inventario.asignacionstock", "pk": 13, "fields": {"created": "2018-07-26T20:53:34.073Z", "modified": "2018-07-26T21:02:52.419Z", "condicion": true, "user": 2, "stock": 12, "encargado": 1, "cantidad_recibida": "20.00", "cantidad_actual": "20.00", "aceptado": true, "fecha_aceptado": "2018-07-26T21:02:52.419Z"}}, {"model": "inventario.costoproducto", "pk": 1, "fields": {"created": "2018-07-26T20:00:53.473Z", "modified": "2018-07-26T20:00:53.473Z", "condicion": true, "producto": 9, "monto": 3}}, {"model": "inventario.costoproducto", "pk": 2, "fields": {"created": "2018-07-26T20:01:08.385Z", "modified": "2018-07-26T20:01:08.385Z", "condicion": true, "producto": 16, "monto": 4}}, {"model": "inventario.costoproducto", "pk": 3, "fields": {"created": "2018-07-26T20:02:09.538Z", "modified": "2018-07-26T20:02:09.538Z", "condicion": true, "producto": 13, "monto": 5}}, {"model": "inventario.costoproducto", "pk": 4, "fields": {"created": "2018-07-26T20:02:56.892Z", "modified": "2018-07-26T20:02:56.892Z", "condicion": true, "producto": 15, "monto": 6}}, {"model": "inventario.costoproducto", "pk": 5, "fields": {"created": "2018-07-26T20:03:13.831Z", "modified": "2018-07-26T20:03:13.831Z", "condicion": true, "producto": 3, "monto": 6}}, {"model": "inventario.costoproducto", "pk": 6, "fields": {"created": "2018-07-26T20:03:27.854Z", "modified": "2018-07-26T20:03:27.854Z", "condicion": true, "producto": 14, "monto": 7}}, {"model": "inventario.costoproducto", "pk": 7, "fields": {"created": "2018-07-26T20:03:51.484Z", "modified": "2018-07-26T20:03:51.484Z", "condicion": true, "producto": 1, "monto": 6}}, {"model": "inventario.costoproducto", "pk": 8, "fields": {"created": "2018-07-26T20:54:28.600Z", "modified": "2018-07-26T20:54:28.600Z", "condicion": true, "producto": 21, "monto": 13}}, {"model": "inventario.costoproducto", "pk": 9, "fields": {"created": "2018-07-26T20:54:39.412Z", "modified": "2018-07-26T20:54:39.412Z", "condicion": true, "producto": 18, "monto": 15}}, {"model": "inventario.costoproducto", "pk": 10, "fields": {"created": "2018-07-26T20:54:50.113Z", "modified": "2018-07-26T20:54:50.113Z", "condicion": true, "producto": 20, "monto": 11}}, {"model": "inventario.costoproducto", "pk": 11, "fields": {"created": "2018-07-26T20:54:57.912Z", "modified": "2018-07-26T20:54:57.912Z", "condicion": true, "producto": 19, "monto": 11}}, {"model": "inventario.costoproducto", "pk": 12, "fields": {"created": "2018-07-26T20:55:20.452Z", "modified": "2018-07-26T20:55:20.452Z", "condicion": true, "producto": 17, "monto": 3}}, {"model": "inventario.costoproducto", "pk": 13, "fields": {"created": "2018-07-26T20:55:42.147Z", "modified": "2018-07-26T20:55:42.147Z", "condicion": true, "producto": 11, "monto": 16}}, {"model": "inventario.costoproducto", "pk": 14, "fields": {"created": "2018-07-26T20:56:04.988Z", "modified": "2018-07-26T20:56:04.988Z", "condicion": true, "producto": 6, "monto": 6}}, {"model": "inventario.costoproducto", "pk": 15, "fields": {"created": "2018-07-26T20:56:19.909Z", "modified": "2018-07-26T20:56:19.909Z", "condicion": true, "producto": 2, "monto": 6}}, {"model": "inventario.costoproducto", "pk": 16, "fields": {"created": "2018-07-26T20:56:28.413Z", "modified": "2018-07-26T20:56:28.413Z", "condicion": true, "producto": 4, "monto": 6}}, {"model": "inventario.costoproducto", "pk": 17, "fields": {"created": "2018-07-26T20:56:39.354Z", "modified": "2018-07-26T20:56:39.354Z", "condicion": true, "producto": 5, "monto": 6}}, {"model": "inventario.costoproducto", "pk": 18, "fields": {"created": "2018-07-26T20:56:57.263Z", "modified": "2018-07-26T20:56:57.263Z", "condicion": true, "producto": 12, "monto": 5}}, {"model": "inventario.costoproducto", "pk": 19, "fields": {"created": "2018-07-26T20:57:09.941Z", "modified": "2018-07-26T20:57:09.941Z", "condicion": true, "producto": 8, "monto": 5}}, {"model": "inventario.costoproducto", "pk": 20, "fields": {"created": "2018-07-26T20:57:19.494Z", "modified": "2018-07-26T20:57:19.494Z", "condicion": true, "producto": 22, "monto": 17}}]